{
  "logreg": {
    "roc_auc": 0.9721687370080279,
    "pr_auc": 0.7159122424484009
  },
  "logreg_smote": {
    "roc_auc": 0.9698631105509169,
    "pr_auc": 0.7249139606556327
  },
  "rf": {
    "roc_auc": 0.9567233635857268,
    "pr_auc": 0.8610229984800628
  },
  "xgb": {
    "roc_auc": 0.9732141062671551,
    "pr_auc": 0.8824540824957277
  },
  "lgbm": {
    "roc_auc": 0.9796957366232931,
    "pr_auc": 0.883179833207332,
    "best_f2_thr": 0.0050929911835644135
  },
  "cat": {
    "roc_auc": 0.9789013241762659,
    "pr_auc": 0.865385546074215
  },
  "stack": {
    "roc_auc": 0.9723062832336085,
    "pr_auc": 0.8628730688999356
  }
}